{"SalesByCountry":
  [
 {
   "Year": 2018,
   "Country": "Brazil",
   "Amount": 29380.62,
   "Currency": " USD "
 },
 {
   "Year": 2018,
   "Country": "UK",
   "Amount": 25102.73,
   "Currency": " USD "
 },
 {
   "Year": 2018,
   "Country": "USA",
   "Amount": 21773.17,
   "Currency": " USD "
 },
 {
   "Year": 2018,
   "Country": "Venezuela",
   "Amount": 21477.92,
   "Currency": " USD "
 },
 {
   "Year": 2018,
   "Country": "Germany",
   "Amount": 18497.88,
   "Currency": " USD "
 },
 {
   "Year": 2018,
   "Country": "France",
   "Amount": 16333.68,
   "Currency": " USD "
 },
 {
   "Year": 2018,
   "Country": "Mexico",
   "Amount": 13572.8,
   "Currency": " USD "
 },
 {
   "Year": 2018,
   "Country": "Sweden",
   "Amount": 11465.94,
   "Currency": " USD "
 },
 {
   "Year": 2018,
   "Country": "Italy",
   "Amount": 8127.98,
   "Currency": " USD "
 },
 {
   "Year": 2018,
   "Country": "Switzerland",
   "Amount": 6631.8,
   "Currency": " USD "
 },
 {
   "Year": 2018,
   "Country": "Finland",
   "Amount": 6345.46,
   "Currency": " USD "
 },
 {
   "Year": 2018,
   "Country": "Austria",
   "Amount": 5672.8,
   "Currency": " USD "
 },
 {
   "Year": 2018,
   "Country": "Poland",
   "Amount": 5285.52,
   "Currency": " USD "
 },
 {
   "Year": 2018,
   "Country": "Ireland",
   "Amount": 3822.68,
   "Currency": " USD "
 },
 {
   "Year": 2018,
   "Country": "Spain",
   "Amount": 3399.4,
   "Currency": " USD "
 },
 {
   "Year": 2018,
   "Country": "Argentina",
   "Amount": 3005.6,
   "Currency": " USD "
 },
 {
   "Year": 2018,
   "Country": "Canada",
   "Amount": 2808,
   "Currency": " USD "
 },
 {
   "Year": 2018,
   "Country": "Denmark",
   "Amount": 1968.2,
   "Currency": " USD "
 },
 {
   "Year": 2018,
   "Country": "Norway",
   "Amount": 1549.6,
   "Currency": " USD "
 },
 {
   "Year": 2018,
   "Country": "Portugal",
   "Amount": 1509.6,
   "Currency": " USD "
 },
 {
   "Year": 2018,
   "Country": "Belgium",
   "Amount": 352.6,
   "Currency": " USD "
 },
 {
   "Year": 1997,
   "Country": "USA",
   "Amount": 96220.57,
   "Currency": " USD "
 },
 {
   "Year": 1997,
   "Country": "Germany",
   "Amount": 95072.61,
   "Currency": " USD "
 },
 {
   "Year": 1997,
   "Country": "France",
   "Amount": 62851.45,
   "Currency": " USD "
 },
 {
   "Year": 1997,
   "Country": "Brazil",
   "Amount": 61324.77,
   "Currency": " USD "
 },
 {
   "Year": 1997,
   "Country": "Belgium",
   "Amount": 34889.89,
   "Currency": " USD "
 },
 {
   "Year": 1997,
   "Country": "UK",
   "Amount": 33735.35,
   "Currency": " USD "
 },
 {
   "Year": 1997,
   "Country": "Canada",
   "Amount": 31048.31,
   "Currency": " USD "
 },
 {
   "Year": 1997,
   "Country": "Austria",
   "Amount": 25990.13,
   "Currency": " USD "
 },
 {
   "Year": 1997,
   "Country": "Mexico",
   "Amount": 20833.88,
   "Currency": " USD "
 },
 {
   "Year": 1997,
   "Country": "Denmark",
   "Amount": 19468.4,
   "Currency": " USD "
 },
 {
   "Year": 1997,
   "Country": "Ireland",
   "Amount": 19333.45,
   "Currency": " USD "
 },
 {
   "Year": 1997,
   "Country": "Sweden",
   "Amount": 17514.51,
   "Currency": " USD "
 },
 {
   "Year": 1997,
   "Country": "Spain",
   "Amount": 17282.35,
   "Currency": " USD "
 },
 {
   "Year": 1997,
   "Country": "Venezuela",
   "Amount": 15615.13,
   "Currency": " USD "
 },
 {
   "Year": 1997,
   "Country": "Finland",
   "Amount": 15314.86,
   "Currency": " USD "
 },
 {
   "Year": 1997,
   "Country": "Portugal",
   "Amount": 13005.03,
   "Currency": " USD "
 },
 {
   "Year": 1997,
   "Country": "Switzerland",
   "Amount": 9313.12,
   "Currency": " USD "
 },
 {
   "Year": 1997,
   "Country": "Poland",
   "Amount": 8604.57,
   "Currency": " USD "
 },
 {
   "Year": 1997,
   "Country": "Italy",
   "Amount": 7672.9,
   "Currency": " USD "
 },
 {
   "Year": 1997,
   "Country": "Argentina",
   "Amount": 7131.52,
   "Currency": " USD "
 },
 {
   "Year": 1997,
   "Country": "Norway",
   "Amount": 4862.4,
   "Currency": " USD "
 },
 {
   "Year": 1998,
   "Country": "USA",
   "Amount": 77491,
   "Currency": " USD "
 },
 {
   "Year": 1998,
   "Country": "Brazil",
   "Amount": 59808.89,
   "Currency": " USD "
 },
 {
   "Year": 1998,
   "Country": "Germany",
   "Amount": 55020.01,
   "Currency": " USD "
 },
 {
   "Year": 1998,
   "Country": "Sweden",
   "Amount": 29563.38,
   "Currency": " USD "
 },
 {
   "Year": 1998,
   "Country": "France",
   "Amount": 29404.43,
   "Currency": " USD "
 },
 {
   "Year": 1998,
   "Country": "Spain",
   "Amount": 25512.46,
   "Currency": " USD "
 },
 {
   "Year": 1998,
   "Country": "UK",
   "Amount": 22142.71,
   "Currency": " USD "
 },
 {
   "Year": 1998,
   "Country": "Belgium",
   "Amount": 20808.09,
   "Currency": " USD "
 },
 {
   "Year": 1998,
   "Country": "Venezuela",
   "Amount": 17280.13,
   "Currency": " USD "
 },
 {
   "Year": 1998,
   "Country": "Italy",
   "Amount": 17216.5,
   "Currency": " USD "
 },
 {
   "Year": 1998,
   "Country": "Austria",
   "Amount": 15040.07,
   "Currency": " USD "
 },
 {
   "Year": 1998,
   "Country": "Canada",
   "Amount": 14489.49,
   "Currency": " USD "
 },
 {
   "Year": 1998,
   "Country": "Ireland",
   "Amount": 13446.08,
   "Currency": " USD "
 },
 {
   "Year": 1998,
   "Country": "Finland",
   "Amount": 12287.07,
   "Currency": " USD "
 },
 {
   "Year": 1998,
   "Country": "Mexico",
   "Amount": 9842.8,
   "Currency": " USD "
 },
 {
   "Year": 1998,
   "Country": "Argentina",
   "Amount": 9450.11,
   "Currency": " USD "
 },
 {
   "Year": 1998,
   "Country": "Denmark",
   "Amount": 4460.95,
   "Currency": " USD "
 },
 {
   "Year": 1998,
   "Country": "Norway",
   "Amount": 2729.5,
   "Currency": " USD "
 },
 {
   "Year": 1998,
   "Country": "Portugal",
   "Amount": 2715.71,
   "Currency": " USD "
 },
 {
   "Year": 1998,
   "Country": "Switzerland",
   "Amount": 1056.5,
   "Currency": " USD "
 },
 {
   "Year": 1998,
   "Country": "Poland",
   "Amount": 858,
   "Currency": " USD "
 },
 {
   "Year": 2015,
   "Country": "Brazil",
   "Amount": 29380.62,
   "Currency": " USD "
 },
 {
   "Year": 2015,
   "Country": "UK",
   "Amount": 25102.73,
   "Currency": " USD "
 },
 {
   "Year": 2015,
   "Country": "USA",
   "Amount": 21773.17,
   "Currency": " USD "
 },
 {
   "Year": 2015,
   "Country": "Venezuela",
   "Amount": 21477.92,
   "Currency": " USD "
 },
 {
   "Year": 2015,
   "Country": "Germany",
   "Amount": 18497.88,
   "Currency": " USD "
 },
 {
   "Year": 2015,
   "Country": "France",
   "Amount": 16333.68,
   "Currency": " USD "
 },
 {
   "Year": 2015,
   "Country": "Mexico",
   "Amount": 13572.8,
   "Currency": " USD "
 },
 {
   "Year": 2015,
   "Country": "Sweden",
   "Amount": 11465.94,
   "Currency": " USD "
 },
 {
   "Year": 2015,
   "Country": "Italy",
   "Amount": 8127.98,
   "Currency": " USD "
 },
 {
   "Year": 2015,
   "Country": "Switzerland",
   "Amount": 6631.8,
   "Currency": " USD "
 },
 {
   "Year": 2015,
   "Country": "Finland",
   "Amount": 6345.46,
   "Currency": " USD "
 },
 {
   "Year": 2015,
   "Country": "Austria",
   "Amount": 5672.8,
   "Currency": " USD "
 },
 {
   "Year": 2015,
   "Country": "Poland",
   "Amount": 5285.52,
   "Currency": " USD "
 },
 {
   "Year": 2015,
   "Country": "Ireland",
   "Amount": 3822.68,
   "Currency": " USD "
 },
 {
   "Year": 2015,
   "Country": "Spain",
   "Amount": 3399.4,
   "Currency": " USD "
 },
 {
   "Year": 2015,
   "Country": "Argentina",
   "Amount": 3005.6,
   "Currency": " USD "
 },
 {
   "Year": 2015,
   "Country": "Canada",
   "Amount": 2808,
   "Currency": " USD "
 },
 {
   "Year": 2015,
   "Country": "Denmark",
   "Amount": 1968.2,
   "Currency": " USD "
 },
 {
   "Year": 2015,
   "Country": "Norway",
   "Amount": 1549.6,
   "Currency": " USD "
 },
 {
   "Year": 2015,
   "Country": "Portugal",
   "Amount": 1509.6,
   "Currency": " USD "
 },
 {
   "Year": 2015,
   "Country": "Belgium",
   "Amount": 352.6,
   "Currency": " USD "
 },
 {
   "Year": 2016,
   "Country": "USA",
   "Amount": 96220.57,
   "Currency": " USD "
 },
 {
   "Year": 2016,
   "Country": "Germany",
   "Amount": 95072.61,
   "Currency": " USD "
 },
 {
   "Year": 2016,
   "Country": "France",
   "Amount": 62851.45,
   "Currency": " USD "
 },
 {
   "Year": 2016,
   "Country": "Brazil",
   "Amount": 61324.77,
   "Currency": " USD "
 },
 {
   "Year": 2016,
   "Country": "Belgium",
   "Amount": 34889.89,
   "Currency": " USD "
 },
 {
   "Year": 2016,
   "Country": "UK",
   "Amount": 33735.35,
   "Currency": " USD "
 },
 {
   "Year": 2016,
   "Country": "Canada",
   "Amount": 31048.31,
   "Currency": " USD "
 },
 {
   "Year": 2016,
   "Country": "Austria",
   "Amount": 25990.13,
   "Currency": " USD "
 },
 {
   "Year": 2016,
   "Country": "Mexico",
   "Amount": 20833.88,
   "Currency": " USD "
 },
 {
   "Year": 2016,
   "Country": "Denmark",
   "Amount": 19468.4,
   "Currency": " USD "
 },
 {
   "Year": 2016,
   "Country": "Ireland",
   "Amount": 19333.45,
   "Currency": " USD "
 },
 {
   "Year": 2016,
   "Country": "Sweden",
   "Amount": 17514.51,
   "Currency": " USD "
 },
 {
   "Year": 2016,
   "Country": "Spain",
   "Amount": 17282.35,
   "Currency": " USD "
 },
 {
   "Year": 2016,
   "Country": "Venezuela",
   "Amount": 15615.13,
   "Currency": " USD "
 },
 {
   "Year": 2016,
   "Country": "Finland",
   "Amount": 15314.86,
   "Currency": " USD "
 },
 {
   "Year": 2016,
   "Country": "Portugal",
   "Amount": 13005.03,
   "Currency": " USD "
 },
 {
   "Year": 2016,
   "Country": "Switzerland",
   "Amount": 9313.12,
   "Currency": " USD "
 },
 {
   "Year": 2016,
   "Country": "Poland",
   "Amount": 8604.57,
   "Currency": " USD "
 },
 {
   "Year": 2016,
   "Country": "Italy",
   "Amount": 7672.9,
   "Currency": " USD "
 },
 {
   "Year": 2016,
   "Country": "Argentina",
   "Amount": 7131.52,
   "Currency": " USD "
 },
 {
   "Year": 2016,
   "Country": "Norway",
   "Amount": 4862.4,
   "Currency": " USD "
 },
 {
   "Year": 2017,
   "Country": "USA",
   "Amount": 77491,
   "Currency": " USD "
 },
 {
   "Year": 2017,
   "Country": "Brazil",
   "Amount": 59808.89,
   "Currency": " USD "
 },
 {
   "Year": 2017,
   "Country": "Germany",
   "Amount": 55020.01,
   "Currency": " USD "
 },
 {
   "Year": 2017,
   "Country": "Sweden",
   "Amount": 29563.38,
   "Currency": " USD "
 },
 {
   "Year": 2017,
   "Country": "France",
   "Amount": 29404.43,
   "Currency": " USD "
 },
 {
   "Year": 2017,
   "Country": "Spain",
   "Amount": 25512.46,
   "Currency": " USD "
 },
 {
   "Year": 2017,
   "Country": "UK",
   "Amount": 22142.71,
   "Currency": " USD "
 },
 {
   "Year": 2017,
   "Country": "Belgium",
   "Amount": 20808.09,
   "Currency": " USD "
 },
 {
   "Year": 2017,
   "Country": "Venezuela",
   "Amount": 17280.13,
   "Currency": " USD "
 },
 {
   "Year": 2017,
   "Country": "Italy",
   "Amount": 17216.5,
   "Currency": " USD "
 },
 {
   "Year": 2017,
   "Country": "Austria",
   "Amount": 15040.07,
   "Currency": " USD "
 },
 {
   "Year": 2017,
   "Country": "Canada",
   "Amount": 14489.49,
   "Currency": " USD "
 },
 {
   "Year": 2017,
   "Country": "Ireland",
   "Amount": 13446.08,
   "Currency": " USD "
 },
 {
   "Year": 2017,
   "Country": "Finland",
   "Amount": 12287.07,
   "Currency": " USD "
 },
 {
   "Year": 2017,
   "Country": "Mexico",
   "Amount": 9842.8,
   "Currency": " USD "
 },
 {
   "Year": 2017,
   "Country": "Argentina",
   "Amount": 9450.11,
   "Currency": " USD "
 },
 {
   "Year": 2017,
   "Country": "Denmark",
   "Amount": 4460.95,
   "Currency": " USD "
 },
 {
   "Year": 2017,
   "Country": "Norway",
   "Amount": 2729.5,
   "Currency": " USD "
 },
 {
   "Year": 2017,
   "Country": "Portugal",
   "Amount": 2715.71,
   "Currency": " USD "
 },
 {
   "Year": 2017,
   "Country": "Switzerland",
   "Amount": 1056.5,
   "Currency": " USD "
 },
 {
   "Year": 2017,
   "Country": "Poland",
   "Amount": 858,
   "Currency": " USD "
 }
],
"SalesByCategory":
[
 {
   "Year": 2018,
   "Category": "Beverages",
"CategoryKO": "유분/화성",
   "Amount": 32216.4,
   "Currency": "USD"
 },
 {
   "Year": 2018,
   "Category": "Dairy Products",
"CategoryKO": "에너지",
   "Amount": 21100.6,
   "Currency": "USD"
 },
 {
   "Year": 2018,
   "Category": "Meat/Poultry",
"CategoryKO": "폴리머",
   "Amount": 18479.8,
   "Currency": "USD"
 },
 {
   "Year": 2018,
   "Category": "Confections",
"CategoryKO": "복합수지",
   "Amount": 17742.3,
   "Currency": "USD"
 },
 {
   "Year": 2018,
   "Category": "Seafood",
"CategoryKO": "폴리에틸렌",
   "Amount": 14189.1,
   "Currency": "USD"
 },
 {
   "Year": 2018,
   "Category": "Produce",
"CategoryKO": "기타 A",
   "Amount": 9438,
   "Currency": "USD"
 },
 {
   "Year": 2018,
   "Category": "Condiments",
"CategoryKO": "기타 B",
   "Amount": 9010.3,
   "Currency": "USD"
 },
 {
   "Year": 2018,
   "Category": "Grains/Cereals",
"CategoryKO": "기타 C",
   "Amount": 7970.2,
   "Currency": "USD"
 },
 {
   "Year": 1997,
   "Category": "Dairy Products",
"CategoryKO": "에너지",
   "Amount": 134900,
   "Currency": "USD"
 },
 {
   "Year": 1997,
   "Category": "Confections",
"CategoryKO": "복합수지",
   "Amount": 121772.68,
   "Currency": "USD"
 },
 {
   "Year": 1997,
   "Category": "Meat/Poultry",
"CategoryKO": "폴리머",
   "Amount": 98700.38,
   "Currency": "USD"
 },
 {
   "Year": 1997,
   "Category": "Beverages",
"CategoryKO": "유분/화성",
   "Amount": 89727.6,
   "Currency": "USD"
 },
 {
   "Year": 1997,
   "Category": "Grains/Cereals",
"CategoryKO": "기타 C",
   "Amount": 84588.7,
   "Currency": "USD"
 },
 {
   "Year": 1997,
   "Category": "Condiments",
"CategoryKO": "기타 B",
   "Amount": 76001.8,
   "Currency": "USD"
 },
 {
   "Year": 1997,
   "Category": "Produce",
"CategoryKO": "기타 A",
   "Amount": 67393.4,
   "Currency": "USD"
 },
 {
   "Year": 1997,
   "Category": "Seafood",
"CategoryKO": "폴리에틸렌",
   "Amount": 67010.4,
   "Currency": "USD"
 },
 {
   "Year": 1998,
   "Category": "Beverages",
"CategoryKO": "유분/화성",
   "Amount": 178458.5,
   "Currency": "USD"
 },
 {
   "Year": 1998,
   "Category": "Confections",
"CategoryKO": "복합수지",
   "Amount": 79114.74,
   "Currency": "USD"
 },
 {
   "Year": 1998,
   "Category": "Dairy Products",
"CategoryKO": "에너지",
   "Amount": 77293,
   "Currency": "USD"
 },
 {
   "Year": 1998,
   "Category": "Seafood",
"CategoryKO": "폴리에틸렌",
   "Amount": 64699.52,
   "Currency": "USD"
 },
 {
   "Year": 1998,
   "Category": "Produce",
"CategoryKO": "기타 A",
   "Amount": 45918.1,
   "Currency": "USD"
 },
 {
   "Year": 1998,
   "Category": "Grains/Cereals",
"CategoryKO": "기타 C",
   "Amount": 43458,
   "Currency": "USD"
 },
 {
   "Year": 1998,
   "Category": "Meat/Poultry",
"CategoryKO": "폴리머",
   "Amount": 41639.42,
   "Currency": "USD"
 },
 {
   "Year": 1998,
   "Category": "Condiments",
"CategoryKO": "기타 B",
   "Amount": 32167.3,
   "Currency": "USD"
 },
 {
   "Year": 2015,
   "Category": "Beverages",
"CategoryKO": "유분/화성",
   "Amount": 32216.4,
   "Currency": "USD"
 },
 {
   "Year": 2015,
   "Category": "Dairy Products",
"CategoryKO": "에너지",
   "Amount": 21100.6,
   "Currency": "USD"
 },
 {
   "Year": 2015,
   "Category": "Meat/Poultry",
"CategoryKO": "폴리머",
   "Amount": 18479.8,
   "Currency": "USD"
 },
 {
   "Year": 2015,
   "Category": "Confections",
"CategoryKO": "복합수지",
   "Amount": 17742.3,
   "Currency": "USD"
 },
 {
   "Year": 2015,
   "Category": "Seafood",
"CategoryKO": "폴리에틸렌",
   "Amount": 14189.1,
   "Currency": "USD"
 },
 {
   "Year": 2015,
   "Category": "Produce",
"CategoryKO": "기타 A",
   "Amount": 9438,
   "Currency": "USD"
 },
 {
   "Year": 2015,
   "Category": "Condiments",
"CategoryKO": "기타 B",
   "Amount": 9010.3,
   "Currency": "USD"
 },
 {
   "Year": 2015,
   "Category": "Grains/Cereals",
"CategoryKO": "기타 C",
   "Amount": 7970.2,
   "Currency": "USD"
 },
 {
   "Year": 2016,
   "Category": "Dairy Products",
"CategoryKO": "에너지",
   "Amount": 134900,
   "Currency": "USD"
 },
 {
   "Year": 2016,
   "Category": "Confections",
"CategoryKO": "복합수지",
   "Amount": 121772.68,
   "Currency": "USD"
 },
 {
   "Year": 2016,
   "Category": "Meat/Poultry",
"CategoryKO": "폴리머",
   "Amount": 98700.38,
   "Currency": "USD"
 },
 {
   "Year": 2016,
   "Category": "Beverages",
"CategoryKO": "유분/화성",
   "Amount": 89727.6,
   "Currency": "USD"
 },
 {
   "Year": 2016,
   "Category": "Grains/Cereals",
"CategoryKO": "기타 C",
   "Amount": 84588.7,
   "Currency": "USD"
 },
 {
   "Year": 2016,
   "Category": "Condiments",
"CategoryKO": "기타 B",
   "Amount": 76001.8,
   "Currency": "USD"
 },
 {
   "Year": 2016,
   "Category": "Produce",
"CategoryKO": "기타 A",
   "Amount": 67393.4,
   "Currency": "USD"
 },
 {
   "Year": 2016,
   "Category": "Seafood",
"CategoryKO": "폴리에틸렌",
   "Amount": 67010.4,
   "Currency": "USD"
 },
 {
   "Year": 2017,
   "Category": "Beverages",
"CategoryKO": "유분/화성",
   "Amount": 178458.5,
   "Currency": "USD"
 },
 {
   "Year": 2017,
   "Category": "Confections",
"CategoryKO": "복합수지",
   "Amount": 79114.74,
   "Currency": "USD"
 },
 {
   "Year": 2017,
   "Category": "Dairy Products",
"CategoryKO": "에너지",
   "Amount": 77293,
   "Currency": "USD"
 },
 {
   "Year": 2017,
   "Category": "Seafood",
"CategoryKO": "폴리에틸렌",
   "Amount": 64699.52,
   "Currency": "USD"
 },
 {
   "Year": 2017,
   "Category": "Produce",
"CategoryKO": "기타 A",
   "Amount": 45918.1,
   "Currency": "USD"
 },
 {
   "Year": 2017,
   "Category": "Grains/Cereals",
"CategoryKO": "기타 C",
   "Amount": 43458,
   "Currency": "USD"
 },
 {
   "Year": 2017,
   "Category": "Meat/Poultry",
"CategoryKO": "폴리머",
   "Amount": 41639.42,
   "Currency": "USD"
 },
 {
   "Year": 2017,
   "Category": "Condiments",
"CategoryKO": "기타 B",
   "Amount": 32167.3,
   "Currency": "USD"
 }
]
,
"SalesByProduct":
[
 {
   "Year": 2018,
   "Product": "Côte de Blaye",
   "ProductKO": "에틸렌",
   "Amount": 14756,
   "Currency": "USD"
 },
 {
   "Year": 2018,
   "Product": "Steeleye Stout",
"ProductKO": "프로필렌",
   "Amount": 3024,
   "Currency": "USD"
 },
 {
   "Year": 2018,
   "Product": "Ipoh Coffee",
"ProductKO": "부타디엔",
   "Amount": 2907.2,
   "Currency": "USD"
 },
 {
   "Year": 2018,
   "Product": "Chang",
"ProductKO": "C4",
   "Amount": 2827.2,
   "Currency": "USD"
 },
 {
   "Year": 2018,
   "Product": "Chartreuse verte",
"ProductKO": "벤젠",
   "Amount": 2044.8,
   "Currency": "USD"
 },
 {
   "Year": 2018,
  "Product": "Chai",
"ProductKO": "톨루엔",
   "Amount": 1800,
   "Currency": "USD"
 },
 {
   "Year": 2018,
  "Product": "Outback Lager",
"ProductKO": "쟈일렌",
   "Amount": 1632,
   "Currency": "USD"
 },
 {
   "Year": 2018,
   "Product": "Sasquatch Ale",
"ProductKO": "파라쟈일렌",
   "Amount": 1008,
   "Currency": "USD"
 },
 {
   "Year": 2018,
   "Product": "Lakkalikööri",
"ProductKO": "스타이렌모노머",
   "Amount": 950.4,
   "Currency": "USD"
 },
 {
   "Year": 2018,
   "Product": "Rhönbräu Klosterbier",
"ProductKO": "에틸벤젠",
   "Amount": 706.8,
   "Currency": "USD"
 },
 {
   "Year": 2018,
   "Product": "Guaraná Fantástica",
"ProductKO": "모가스",
   "Amount": 504,
   "Currency": "USD"
 },
 {
   "Year": 2018,
   "Product": "Laughing Lumberjack Lager",
"ProductKO": "디젤",
   "Amount": 56,
   "Currency": "USD"
 },
 {
   "Year": 1997,
   "Product": "Côte de Blaye",
"ProductKO": "에틸렌",
   "Amount": 14229,
   "Currency": "USD"
 },
 {
   "Year": 1997,
   "Product": "Ipoh Coffee",
"ProductKO": "부타디엔",
   "Amount": 4802.4,
   "Currency": "USD"
 },
 {
   "Year": 1997,
   "Product": "Rhönbräu Klosterbier",
"ProductKO": "에틸벤젠",
   "Amount": 3713.8,
   "Currency": "USD"
 },
 {
   "Year": 1997,
   "Product": "Lakkalikööri",
"ProductKO": "스타이렌모노머",
   "Amount": 3693.6,
   "Currency": "USD"
 },
 {
   "Year": 1997,
   "Product": "Chang",
"ProductKO": "C4",
   "Amount": 3686,
   "Currency": "USD"
 },
 {
   "Year": 1997,
  "Product": "Chai",
"ProductKO": "톨루엔",
   "Amount": 3387.6,
   "Currency": "USD"
 },
 {
   "Year": 1997,
  "Product": "Outback Lager",
"ProductKO": "쟈일렌",
   "Amount": 3369,
   "Currency": "USD"
 },
 {
   "Year": 1997,
   "Product": "Steeleye Stout",
"ProductKO": "프로필렌",
   "Amount": 3060,
   "Currency": "USD"
 },
 {
   "Year": 1997,
   "Product": "Chartreuse verte",
"ProductKO": "벤젠",
   "Amount": 1994.4,
   "Currency": "USD"
 },
 {
   "Year": 1997,
   "Product": "Guaraná Fantástica",
"ProductKO": "모가스",
   "Amount": 1206,
   "Currency": "USD"
 },
 {
   "Year": 1997,
   "Product": "Laughing Lumberjack Lager",
"ProductKO": "디젤",
   "Amount": 910,
   "Currency": "USD"
 },
 {
   "Year": 1997,
   "Product": "Sasquatch Ale",
"ProductKO": "파라쟈일렌",
   "Amount": 812,
   "Currency": "USD"
 },
 {
   "Year": 1998,
   "Product": "Côte de Blaye",
"ProductKO": "에틸렌",
   "Amount": 56652.5,
   "Currency": "USD"
 },
 {
   "Year": 1998,
   "Product": "Lakkalikööri",
"ProductKO": "스타이렌모노머",
   "Amount": 5688,
   "Currency": "USD"
 },
 {
   "Year": 1998,
   "Product": "Chartreuse verte",
"ProductKO": "벤젠",
   "Amount": 4248,
   "Currency": "USD"
 },
 {
   "Year": 1998,
   "Product": "Ipoh Coffee",
"ProductKO": "부타디엔",
   "Amount": 3726,
   "Currency": "USD"
 },
 {
   "Year": 1998,
   "Product": "Sasquatch Ale",
"ProductKO": "파라쟈일렌",
   "Amount": 3290,
   "Currency": "USD"
 },
 {
   "Year": 1998,
   "Product": "Chang",
"ProductKO": "C4",
   "Amount": 3040,
   "Currency": "USD"
 },
 {
   "Year": 1998,
   "Product": "Rhönbräu Klosterbier",
"ProductKO": "에틸벤젠",
   "Amount": 2906.25,
   "Currency": "USD"
 },
 {
   "Year": 1998,
  "Product": "Chai",
"ProductKO": "톨루엔",
   "Amount": 2628,
   "Currency": "USD"
 },
 {
   "Year": 1998,
   "Product": "Steeleye Stout",
"ProductKO": "프로필렌",
   "Amount": 2466,
   "Currency": "USD"
 },
 {
   "Year": 1998,
  "Product": "Outback Lager",
"ProductKO": "쟈일렌",
   "Amount": 2235,
   "Currency": "USD"
 },
 {
   "Year": 1998,
   "Product": "Guaraná Fantástica",
"ProductKO": "모가스",
   "Amount": 1579.5,
   "Currency": "USD"
 },
 {
   "Year": 1998,
   "Product": "Laughing Lumberjack Lager",
"ProductKO": "디젤",
   "Amount": 770,
   "Currency": "USD"
 },
 {
   "Year": 2015,
   "Product": "Côte de Blaye",
"ProductKO": "에틸렌",
   "Amount": 14756,
   "Currency": "USD"
 },
 {
   "Year": 2015,
   "Product": "Steeleye Stout",
"ProductKO": "프로필렌",
   "Amount": 3024,
   "Currency": "USD"
 },
 {
   "Year": 2015,
   "Product": "Ipoh Coffee",
"ProductKO": "부타디엔",
   "Amount": 2907.2,
   "Currency": "USD"
 },
 {
   "Year": 2015,
   "Product": "Chang",
"ProductKO": "C4",
   "Amount": 2827.2,
   "Currency": "USD"
 },
 {
   "Year": 2015,
   "Product": "Chartreuse verte",
"ProductKO": "벤젠",
   "Amount": 2044.8,
   "Currency": "USD"
 },
 {
   "Year": 2015,
  "Product": "Chai",
"ProductKO": "톨루엔",
   "Amount": 1800,
   "Currency": "USD"
 },
 {
   "Year": 2015,
  "Product": "Outback Lager",
"ProductKO": "쟈일렌",
   "Amount": 1632,
   "Currency": "USD"
 },
 {
   "Year": 2015,
   "Product": "Sasquatch Ale",
"ProductKO": "파라쟈일렌",
   "Amount": 1008,
   "Currency": "USD"
 },
 {
   "Year": 2015,
   "Product": "Lakkalikööri",
"ProductKO": "스타이렌모노머",
   "Amount": 950.4,
   "Currency": "USD"
 },
 {
   "Year": 2015,
   "Product": "Rhönbräu Klosterbier",
"ProductKO": "에틸벤젠",
   "Amount": 706.8,
   "Currency": "USD"
 },
 {
   "Year": 2015,
   "Product": "Guaraná Fantástica",
"ProductKO": "모가스",
   "Amount": 504,
   "Currency": "USD"
 },
 {
   "Year": 2015,
   "Product": "Laughing Lumberjack Lager",
"ProductKO": "디젤",
   "Amount": 56,
   "Currency": "USD"
 },
 {
   "Year": 2016,
   "Product": "Côte de Blaye",
"ProductKO": "에틸렌",
   "Amount": 14229,
   "Currency": "USD"
 },
 {
   "Year": 2016,
   "Product": "Ipoh Coffee",
"ProductKO": "부타디엔",
   "Amount": 4802.4,
   "Currency": "USD"
 },
 {
   "Year": 2016,
   "Product": "Rhönbräu Klosterbier",
"ProductKO": "에틸벤젠",
   "Amount": 3713.8,
   "Currency": "USD"
 },
 {
   "Year": 2016,
   "Product": "Lakkalikööri",
"ProductKO": "스타이렌모노머",
   "Amount": 3693.6,
   "Currency": "USD"
 },
 {
   "Year": 2016,
   "Product": "Chang",
"ProductKO": "C4",
   "Amount": 3686,
   "Currency": "USD"
 },
 {
   "Year": 2016,
  "Product": "Chai",
"ProductKO": "톨루엔",
   "Amount": 3387.6,
   "Currency": "USD"
 },
 {
   "Year": 2016,
  "Product": "Outback Lager",
"ProductKO": "쟈일렌",
   "Amount": 3369,
   "Currency": "USD"
 },
 {
   "Year": 2016,
   "Product": "Steeleye Stout",
"ProductKO": "프로필렌",
   "Amount": 3060,
   "Currency": "USD"
 },
 {
   "Year": 2016,
   "Product": "Chartreuse verte",
"ProductKO": "벤젠",
   "Amount": 1994.4,
   "Currency": "USD"
 },
 {
   "Year": 2016,
   "Product": "Guaraná Fantástica",
"ProductKO": "모가스",
   "Amount": 1206,
   "Currency": "USD"
 },
 {
   "Year": 2016,
   "Product": "Laughing Lumberjack Lager",
"ProductKO": "디젤",
   "Amount": 910,
   "Currency": "USD"
 },
 {
   "Year": 2016,
   "Product": "Sasquatch Ale",
"ProductKO": "파라쟈일렌",
   "Amount": 812,
   "Currency": "USD"
 },
 {
   "Year": 2017,
   "Product": "Côte de Blaye",
"ProductKO": "에틸렌",
   "Amount": 56652.5,
   "Currency": "USD"
 },
 {
   "Year": 2017,
   "Product": "Lakkalikööri",
"ProductKO": "스타이렌모노머",
   "Amount": 5688,
   "Currency": "USD"
 },
 {
   "Year": 2017,
   "Product": "Chartreuse verte",
"ProductKO": "벤젠",
   "Amount": 4248,
   "Currency": "USD"
 },
 {
   "Year": 2017,
   "Product": "Ipoh Coffee",
"ProductKO": "부타디엔",
   "Amount": 3726,
   "Currency": "USD"
 },
 {
   "Year": 2017,
   "Product": "Sasquatch Ale",
"ProductKO": "파라쟈일렌",
   "Amount": 3290,
   "Currency": "USD"
 },
 {
   "Year": 2017,
   "Product": "Chang",
"ProductKO": "C4",
   "Amount": 3040,
   "Currency": "USD"
 },
 {
   "Year": 2017,
   "Product": "Rhönbräu Klosterbier",
"ProductKO": "에틸벤젠",
   "Amount": 2906.25,
   "Currency": "USD"
 },
 {
   "Year": 2017,
  "Product": "Chai",
"ProductKO": "톨루엔",
   "Amount": 2628,
   "Currency": "USD"
 },
 {
   "Year": 2017,
   "Product": "Steeleye Stout",
"ProductKO": "프로필렌",
   "Amount": 2466,
   "Currency": "USD"
 },
 {
   "Year": 2017,
  "Product": "Outback Lager",
"ProductKO": "쟈일렌",
   "Amount": 2235,
   "Currency": "USD"
 },
 {
   "Year": 2017,
   "Product": "Guaraná Fantástica",
"ProductKO": "모가스",
   "Amount": 1579.5,
   "Currency": "USD"
 },
 {
   "Year": 2017,
   "Product": "Laughing Lumberjack Lager",
"ProductKO": "디젤",
   "Amount": 770,
   "Currency": "USD"
 }
],
"SalesByCountryAll":[
 {
   "Country": "Argentina",
   "Amount2018": 3005.6,
   "Amount1997": 7131.52,
   "Amount1998": 9450.11,
   "Currency": " USD "
 },
 {
   "Country": "Austria",
   "Amount2018": 5672.8,
   "Amount1997": 25990.13,
   "Amount1998": 15040.07,
   "Currency": " USD "
 },
 {
   "Country": "Belgium",
   "Amount2018": 352.6,
   "Amount1997": 34889.89,
   "Amount1998": 20808.09,
   "Currency": " USD "
 },
 {
   "Country": "Brazil",
   "Amount2018": 29380.62,
   "Amount1997": 61324.77,
   "Amount1998": 59808.89,
   "Currency": " USD "
 },
 {
   "Country": "Canada",
   "Amount2018": 2808,
   "Amount1997": 31048.31,
   "Amount1998": 14489.49,
   "Currency": " USD "
 },
 {
   "Country": "Denmark",
   "Amount2018": 1968.2,
   "Amount1997": 19468.4,
   "Amount1998": 4460.95,
   "Currency": " USD "
 },
 {
   "Country": "Finland",
   "Amount2018": 6345.46,
   "Amount1997": 15314.86,
   "Amount1998": 12287.07,
   "Currency": " USD "
 },
 {
   "Country": "France",
   "Amount2018": 16333.68,
   "Amount1997": 62851.45,
   "Amount1998": 29404.43,
   "Currency": " USD "
 },
 {
   "Country": "Germany",
   "Amount2018": 18497.88,
   "Amount1997": 95072.61,
   "Amount1998": 55020.01,
   "Currency": " USD "
 },
 {
   "Country": "Ireland",
   "Amount2018": 3822.68,
   "Amount1997": 19333.45,
   "Amount1998": 13446.08,
   "Currency": " USD "
 },
 {
   "Country": "Italy",
   "Amount2018": 8127.98,
   "Amount1997": 7672.9,
   "Amount1998": 17216.5,
   "Currency": " USD "
 },
 {
   "Country": "Mexico",
   "Amount2018": 13572.8,
   "Amount1997": 20833.88,
   "Amount1998": 9842.8,
   "Currency": " USD "
 },
 {
   "Country": "Norway",
   "Amount2018": 1549.6,
   "Amount1997": 4862.4,
   "Amount1998": 2729.5,
   "Currency": " USD "
 },
 {
   "Country": "Poland",
   "Amount2018": 5285.52,
   "Amount1997": 8604.57,
   "Amount1998": 858,
   "Currency": " USD "
 },
 {
   "Country": "Portugal",
   "Amount2018": 1509.6,
   "Amount1997": 13005.03,
   "Amount1998": 2715.71,
   "Currency": " USD "
 },
 {
   "Country": "Spain",
   "Amount2018": 3399.4,
   "Amount1997": 17282.35,
   "Amount1998": 25512.46,
   "Currency": " USD "
 },
 {
   "Country": "Sweden",
   "Amount2018": 11465.94,
   "Amount1997": 17514.51,
   "Amount1998": 29563.38,
   "Currency": " USD "
 },
 {
   "Country": "Switzerland",
   "Amount2018": 6631.8,
   "Amount1997": 9313.12,
   "Amount1998": 1056.5,
   "Currency": " USD "
 },
 {
   "Country": "UK",
   "Amount2018": 25102.73,
   "Amount1997": 33735.35,
   "Amount1998": 22142.71,
   "Currency": " USD "
 },
 {
   "Country": "USA",
   "Amount2018": 21773.17,
   "Amount1997": 96220.57,
   "Amount1998": 77491,
   "Currency": " USD "
 },
 {
   "Country": "Venezuela",
   "Amount2018": 21477.92,
   "Amount1997": 15615.13,
   "Amount1998": 17280.13,
   "Currency": " USD "
 }
]
}
